<keymap version="1" name="Default for XWin copy" parent="Default for XWin">
  <action id="Android.BuildApk">
    <keyboard-shortcut first-keystroke="shift ctrl b" />
  </action>
  <action id="Arrangement.Rule.Group.Condition.Move.Down" />
  <action id="Arrangement.Rule.Match.Condition.Move.Down" />
  <action id="Arrangement.Rule.Match.Condition.Move.Up" />
  <action id="CIDR.Lang.Cpp.GenerateDefinitions" />
  <action id="ChangesView.Diff" />
  <action id="CloseActiveTab" />
  <action id="CloseContent">
    <keyboard-shortcut first-keystroke="ctrl w" />
  </action>
  <action id="CompareTwoFiles" />
  <action id="Diff.ShowDiff" />
  <action id="Diff.ShowSettingsPopup" />
  <action id="EditorDeleteLine">
    <keyboard-shortcut first-keystroke="ctrl d" />
  </action>
  <action id="EditorDuplicate" />
  <action id="EditorLookupDown" />
  <action id="EditorLookupUp" />
  <action id="EditorPasteSimple" />
  <action id="EditorScrollDown" />
  <action id="EditorScrollUp" />
  <action id="EditorSelectWord">
    <keyboard-shortcut first-keystroke="alt up" />
  </action>
  <action id="EditorUnSelectWord">
    <keyboard-shortcut first-keystroke="alt down" />
  </action>
  <action id="FileChooser.GotoDesktop" />
  <action id="FileStructurePopup">
    <keyboard-shortcut first-keystroke="ctrl o" />
  </action>
  <action id="FindUsages">
    <keyboard-shortcut first-keystroke="shift ctrl g" />
  </action>
  <action id="GotoClass">
    <keyboard-shortcut first-keystroke="shift ctrl r" />
  </action>
  <action id="GotoFile">
    <keyboard-shortcut first-keystroke="shift ctrl o" />
  </action>
  <action id="GotoSymbol">
    <keyboard-shortcut first-keystroke="ctrl alt o" />
  </action>
  <action id="GotoTypeDeclaration">
    <mouse-shortcut keystroke="shift control button1" />
  </action>
  <action id="MethodDown">
    <keyboard-shortcut first-keystroke="ctrl down" />
  </action>
  <action id="MethodHierarchy.OverrideMethodAction" />
  <action id="MethodOverloadSwitchDown" />
  <action id="MethodOverloadSwitchUp" />
  <action id="MethodUp">
    <keyboard-shortcut first-keystroke="ctrl up" />
  </action>
  <action id="NextSplitter">
    <keyboard-shortcut first-keystroke="alt tab" />
  </action>
  <action id="OptimizeImports" />
  <action id="OverrideMethods" />
  <action id="PopupHector" />
  <action id="PrevSplitter">
    <keyboard-shortcut first-keystroke="shift alt tab" />
  </action>
  <action id="Replace" />
  <action id="ReplaceInPath" />
  <action id="Run">
    <keyboard-shortcut first-keystroke="ctrl r" />
  </action>
  <action id="RunDashboard.CopyConfiguration" />
  <action id="SearchEverywhere.NavigateToNextGroup">
    <keyboard-shortcut first-keystroke="page_down" />
  </action>
  <action id="SearchEverywhere.NavigateToPrevGroup">
    <keyboard-shortcut first-keystroke="page_up" />
  </action>
  <action id="SendEOF" />
  <action id="ShowContent" />
  <action id="ShowSearchHistory" />
  <action id="SplitHorizontally">
    <keyboard-shortcut first-keystroke="shift ctrl alt h" />
  </action>
  <action id="SplitVertically">
    <keyboard-shortcut first-keystroke="shift ctrl alt v" />
  </action>
  <action id="ToggleDistractionFreeMode">
    <keyboard-shortcut first-keystroke="shift ctrl d" />
  </action>
  <action id="UpdateRunningApplication" />
  <action id="XDebugger.CopyWatch" />
  <action id="android.deploy.ApplyChanges">
    <keyboard-shortcut first-keystroke="ctrl f10" />
  </action>
  <action id="android.deploy.CodeSwap">
    <keyboard-shortcut first-keystroke="ctrl alt f10" />
  </action>
  <action id="openAssertEqualsDiff" />
</keymap>